{
    "cx": 733.0407544632061,
    "cy": 564.4568666746161,
    "fx": 673.6431665914134,
    "fy": 672.8665508080292,
    "k1": -0.24479843454559336,
    "k2": 0.0571423271627314,
    "k3": -0.005352786058425738,
    "p1": 0.0008267525754713312,
    "p2": 0.00040598544758301127
}
