{
    "cx": 658.8326337245653,
    "cy": 401.4166894421963,
    "fx": 867.7036001384768,
    "fy": 868.0325418911351,
    "k1": -0.01583582387760634,
    "k2": 0.020322951411927213,
    "k3": -0.030727000956794988,
    "p1": 0.0021404886447719553,
    "p2": 0.0016925312141875038
}

