{
    "cx": 632.987328507322,
    "cy": 370.74718373029975,
    "fx": 593.0839523052063,
    "fy": 593.1458465997428,
    "k1": -0.01727406744395765,
    "k2": 0.02117688924846262,
    "k3": -0.020766124880449665,
    "p1": 0.0016305766783646146,
    "p2": 0.0014243656554703485
}
